Date,Open,High,Low,Close,Adj Close,Volume,DOWJONES,NASDAQ,NSE
2017-03-14,2556.800049,2587.149902,2551.050049,2567.5,2519.130615,1701147,20837.369141,5856.819824,9087.000000
2017-03-15,2572.0,2572.149902,2493.850098,2498.300049,2451.2341309999997,1511248,20950.099609,5900.049805,9084.799805
2017-03-16,2506.0,2527.0,2506.0,2520.899902,2473.408447,785909,20934.550781,5900.759765999999,9153.700195
2017-03-17,2546.0,2546.0,2509.75,2525.75,2478.167236,1296576,20914.619141,5901.0,9160.049805
2017-03-20,2525.949951,2525.949951,2466.0,2480.0,2433.279297,1743770,20905.859375,5901.529785,9126.849609
2017-03-21,2482.0,2492.0,2465.0,2486.699951,2439.852783,1686850,20668.009766,5793.830078,9121.500000
2017-03-22,2480.149902,2496.0,2469.949951,2478.949951,2432.249023,944358,20661.300781,5821.640136999999,9030.450195
2017-03-23,2482.0,2485.050049,2447.199951,2460.350098,2413.999268,1310319,20656.580078,5817.689941,9086.299805
2017-03-24,2469.800049,2469.800049,2423.300049,2427.199951,2381.473877,2549907,20596.720703,5828.740234000001,9108.000000
2017-03-27,2426.949951,2440.0,2406.0,2412.050049,2366.6091309999997,1090635,20550.980469,5840.370117,9045.200195
2017-03-28,2410.0,2443.399902,2410.0,2429.949951,2384.1721190000003,576579,20701.5,5875.140136999999,9100.799805
2017-03-29,2436.0,2450.800049,2425.600098,2444.600098,2398.546143,858882,20659.320313,5897.549805,9143.799805
2017-03-30,2444.899902,2465.0,2435.0,2441.0,2395.013428,1493043,20728.490234,5914.339844,9173.750000
2017-03-31,2438.399902,2440.850098,2415.0,2431.800049,2385.987061,933522,20663.220703,5911.740234000001,9173.750000
2017-04-03,2435.0,2435.0,2408.199951,2411.699951,2366.2658690000003,598444,20650.210938,5894.680176,9237.849609
2017-04-05,2411.699951,2419.899902,2395.0,2401.25,2356.012695,1452784,20648.150391,5864.47998,9265.150391
2017-04-06,2400.0,2410.0,2392.550049,2400.050049,2354.8354489999997,860352,20662.949219,5878.950195,9261.950195
2017-04-07,2394.899902,2433.25,2392.149902,2429.050049,2383.288818,1138506,20656.099609,5877.810059,9198.299805
2017-04-10,2432.0,2449.0,2405.0,2422.25,2376.6171879999997,1271632,20658.019531,5880.930176,9181.450195
2017-04-11,2417.300049,2443.100098,2406.0,2419.300049,2373.722412,778892,20651.300781,5866.77002,9237.000000
2017-04-12,2422.5,2428.0,2383.0,2393.25,2348.16333,525269,20591.859375,5836.160156,9203.450195
2017-04-13,2400.0,2409.0,2321.050049,2328.649902,2284.780029,1250236,20453.25,5805.149902,9150.799805
2017-04-17,2328.649902,2332.899902,2295.149902,2314.850098,2271.240234,1135441,20636.919922,5856.790039,9139.299805
2017-04-18,2330.0,2334.199951,2302.050049,2308.800049,2265.3041989999997,865310,20523.279297,5849.470215,9105.150391
2017-04-19,2263.5,2348.699951,2252.800049,2299.149902,2255.8359379999997,2813406,20404.490234,5863.029785,9103.500000
2017-04-20,2305.300049,2332.0,2290.949951,2325.5,2281.689697,634421,20578.710938,5916.779785,9136.400391
2017-04-21,2329.100098,2335.649902,2301.0,2310.800049,2267.266602,580577,20547.759766,5910.52002,9119.400391
2017-04-24,2300.0,2339.649902,2282.5,2328.100098,2284.240723,1000010,20763.890625,5983.819824,9217.950195
2017-04-25,2328.0,2344.449951,2302.699951,2311.5,2267.953125,1574355,20996.119141,6025.490234000001,9306.599609
2017-04-26,2340.0,2343.949951,2303.050049,2310.350098,2266.825195,1093719,20975.089844,6025.22998,9351.849609
2017-04-27,2306.050049,2327.800049,2277.649902,2302.649902,2259.270264,2886593,20981.330078,6048.939941,9342.150391
2017-04-28,2294.0,2298.75,2268.0,2273.149902,2230.325928,1270255,20940.509766,6047.609863000001,9304.049805
2017-05-02,2273.149902,2302.0,2273.149902,2289.899902,2246.76001,1191348,20949.890625,6095.370117,9313.799805
2017-05-03,2295.0,2345.0,2268.5,2337.300049,2293.267578,1757203,20957.900391,6072.549805,9311.950195
2017-05-04,2349.949951,2350.0,2308.800049,2330.100098,2286.2033690000003,1354104,20951.470703,6075.339844,9359.900391
2017-05-05,2308.0,2332.5,2302.5,2320.5,2276.78418,841237,21006.939453,6100.759765999999,9285.299805
2017-05-08,2321.0,2347.399902,2317.699951,2342.449951,2298.320068,535891,21012.279297,6102.660156,9314.049805
2017-05-09,2343.949951,2361.0,2332.550049,2352.550049,2308.22998,895135,20975.779297,6120.589844,9316.849609
2017-05-10,2355.0,2356.149902,2316.0,2332.449951,2288.508789,603194,20943.109375,6129.140136999999,9407.299805
2017-05-11,2347.300049,2360.0,2322.75,2349.449951,2305.188477,1035651,20919.419922,6115.959961,9422.400391
2017-05-12,2343.300049,2369.899902,2320.050049,2360.649902,2316.177246,1157223,20896.609375,6121.22998,9400.900391
2017-05-15,2375.100098,2377.949951,2341.600098,2365.100098,2320.543945,908802,20981.939453,6149.669922,9445.400391
2017-05-16,2380.0,2435.0,2373.449951,2429.149902,2383.386719,1800513,20979.75,6169.870117,9512.250000
2017-05-17,2433.5,2460.75,2423.0,2455.350098,2409.0935059999997,1438099,20606.929688,6011.240234000001,9525.750000
2017-05-18,2450.0,2572.0,2442.25,2536.199951,2488.420166,2569297,20663.019531,6055.129883,9429.450195
2017-05-19,2536.199951,2540.550049,2486.0,2507.149902,2459.917725,893022,20804.839844,6083.700195,9427.900391
2017-05-22,2510.0,2553.75,2510.0,2531.350098,2483.661865,831970,20894.830078,6133.620117,9438.250000
2017-05-23,2533.199951,2564.149902,2514.0,2521.699951,2474.193359,1374298,20937.910156,6138.709961,9386.150391
2017-05-24,2534.800049,2570.0,2529.649902,2559.149902,2510.938232,1267274,21012.419922,6163.02002,9360.549805
2017-05-25,2577.0,2637.550049,2568.0,2624.600098,2575.155273,2047047,21082.949219,6205.259765999999,9509.750000
2017-05-26,2625.0,2626.850098,2564.649902,2578.25,2529.678223,681275,21080.279297,6210.189941,9595.099609
2017-05-29,2579.0,2596.5,2564.0,2572.850098,2524.3798829999996,874645,21080.279297,6210.189941,9604.900391
2017-05-30,2560.0,2575.949951,2525.0,2551.100098,2503.0395510000003,463817,21029.470703,6203.189941,9624.549805
2017-05-31,2533.0,2572.5,2528.0,2546.600098,2498.6245120000003,1251365,21008.650391,6198.52002,9621.250000
2017-06-01,2530.0,2564.0,2530.0,2553.600098,2505.4926760000003,540032,21144.179688,6246.830078,9616.099609
2017-06-02,2556.25,2591.850098,2552.5,2564.899902,2516.57959,677824,21206.289063,6305.799805,9653.500000
2017-06-05,2565.0,2619.899902,2560.149902,2603.949951,2554.894043,750094,21184.039063,6295.680176,9675.099609
2017-06-06,2631.0,2708.949951,2630.0,2696.0,2645.209961,2973360,21136.230469,6275.060059,9637.150391
2017-06-07,2697.0,2700.0,2576.550049,2615.25,2565.980957,2463888,21173.689453,6297.379883,9663.900391
2017-06-08,2598.0,2604.949951,2515.5,2521.600098,2474.095215,1665357,21182.529297,6321.759765999999,9647.250000
2017-06-09,2520.0,2547.399902,2486.0,2507.0,2459.770264,1574017,21271.970703,6207.919922,9668.250000
2017-06-12,2497.0,2512.899902,2470.399902,2487.199951,2440.3435059999997,813253,21235.669922,6175.459961,9616.400391
2017-06-13,2465.0,2481.100098,2447.0,2451.550049,2432.257568,587707,21328.470703,6220.370117,9606.900391
2017-06-14,2455.0,2476.0,2455.0,2470.199951,2450.7607420000004,744571,21374.560547,6194.890136999999,9618.150391
2017-06-15,2469.0,2469.699951,2405.0,2411.199951,2392.225098,1498599,21359.900391,6165.5,9578.049805
2017-06-16,2414.949951,2435.0,2386.5,2399.699951,2380.81543,1225213,21384.279297,6151.759765999999,9588.049805
2017-06-19,2416.899902,2446.350098,2405.149902,2431.699951,2412.563721,822371,21528.990234,6239.009765999999,9657.549805
2017-06-20,2431.0,2449.0,2380.300049,2445.0,2425.759277,835479,21467.140625,6188.029785,9653.500000
2017-06-21,2440.0,2442.149902,2397.199951,2406.300049,2387.36377,828909,21410.029297,6233.950195,9633.599609
2017-06-22,2409.0,2431.0,2385.0,2394.850098,2376.003906,2887941,21397.289063,6236.689941,9630.000000
2017-06-23,2399.399902,2413.949951,2354.0,2361.699951,2343.114502,712378,21394.759766,6265.25,9574.950195
2017-06-27,2361.699951,2384.699951,2331.600098,2342.850098,2324.412842,987165,21310.660156,6146.620117,9511.400391
2017-06-28,2349.899902,2358.0,2335.0,2350.050049,2331.556641,894863,21454.609375,6234.410156,9491.250000
2017-06-29,2359.0,2372.050049,2323.100098,2333.25,2314.888672,1235913,21287.029297,6144.350098,9504.099609
2017-06-30,2324.399902,2377.0,2323.100098,2362.350098,2343.759521,876924,21349.630859,6140.419922,9520.900391
2017-07-03,2357.399902,2383.050049,2343.100098,2373.600098,2354.921143,737978,21479.269531,6110.060059,9615.000000
2017-07-04,2373.300049,2380.449951,2350.050049,2366.850098,2348.224121,607567,21479.269531,6110.060059,9613.299805
2017-07-05,2360.800049,2365.0,2345.0,2356.0,2337.459473,407928,21478.169922,6150.859863000001,9637.599609
2017-07-06,2359.0,2361.899902,2340.100098,2347.550049,2329.075928,513394,21320.039063,6089.459961,9674.549805
2017-07-07,2350.0,2356.449951,2325.5,2331.949951,2313.5986329999996,616045,21414.339844,6153.080078,9665.799805
2017-07-10,2406.0,2444.899902,2378.949951,2434.949951,2415.788086,391804,21408.519531,6176.390136999999,9771.049805
2017-07-11,2426.0,2514.800049,2426.0,2475.800049,2456.31665,1768752,21409.070313,6193.299805,9786.049805
2017-07-12,2482.5,2483.300049,2430.100098,2439.449951,2420.252686,1323225,21532.140625,6261.169922,9816.099609
2017-07-13,2445.0,2472.0,2426.600098,2446.399902,2427.1479489999997,1565980,21553.089844,6274.439941,9891.700195
2017-07-14,2383.0,2425.0,2375.0,2397.449951,2378.583252,2254216,21637.740234,6312.470215,9886.349609
2017-07-17,2397.699951,2422.100098,2382.199951,2395.449951,2376.598877,1105911,21629.720703,6314.430176,9915.950195
2017-07-18,2396.149902,2443.0,2396.149902,2408.350098,2389.397705,954001,21574.730469,6344.310059,9827.150391
2017-07-19,2415.5,2460.0,2415.100098,2449.600098,2430.322998,1957788,21640.75,6385.040039,9899.599609
2017-07-20,2449.25,2456.899902,2430.5,2444.699951,2425.4614260000003,591252,21611.779297,6390.0,9873.299805
2017-07-21,2434.899902,2500.0,2434.550049,2491.199951,2471.595459,1074208,21580.070313,6387.75,9915.250000
2017-07-24,2482.0,2540.0,2482.0,2530.699951,2517.859375,1135701,21513.169922,6410.810059,9966.400391
2017-07-25,2525.75,2580.0,2518.399902,2571.5,2558.4526370000003,1339416,21613.429688,6412.169922,9964.549805
2017-07-26,2560.0,2575.0,2547.0,2556.0,2543.03125,729913,21711.009766,6422.75,10020.650391
2017-07-27,2542.199951,2584.800049,2466.5,2481.699951,2469.108154,2127652,21796.550781,6382.189941,10020.549805
2017-07-28,2481.0,2493.050049,2442.0,2484.300049,2471.695068,691376,21830.310547,6374.680176,10014.500000
2017-07-31,2471.0,2519.0,2463.0,2491.800049,2479.156982,1009831,21891.119141,6348.120117,10077.099609
2017-08-01,2500.0,2520.75,2491.0,2501.649902,2488.956787,873730,21963.919922,6362.939941,10114.650391
2017-08-02,2500.0,2508.0,2462.0,2473.800049,2461.248291,625512,22016.240234,6362.649902,10081.500000
2017-08-03,2480.0,2502.0,2466.449951,2489.449951,2476.818848,941274,22026.099609,6340.339844,10013.650391
2017-08-04,2490.800049,2528.300049,2488.0,2522.800049,2509.9997559999997,693945,22092.810547,6351.560059,10066.400391
2017-08-07,2516.5,2520.0,2481.199951,2503.449951,2490.747803,942760,22118.419922,6383.77002,10057.400391
2017-08-08,2512.0,2528.600098,2496.300049,2503.050049,2490.349854,536979,22085.339844,6370.459961,9978.549805
2017-08-09,2500.0,2522.850098,2493.300049,2512.0,2499.254395,496473,22048.699219,6352.330078,9908.049805
2017-08-10,2509.0,2520.600098,2486.350098,2511.449951,2498.707031,763086,21844.009766,6216.870117,9820.250000
2017-08-11,2499.899902,2535.0,2483.0,2496.050049,2483.385498,697368,21858.320313,6256.560059,9710.799805
2017-08-14,2503.0,2509.899902,2463.0,2469.399902,2456.870605,393252,21993.710938,6340.22998,9794.150391
2017-08-16,2469.399902,2543.800049,2465.199951,2492.350098,2479.704346,686670,22024.869141,6345.109863000001,9897.299805
2017-08-17,2500.699951,2505.0,2462.100098,2485.649902,2473.038086,876187,21750.730469,6221.910156,9904.150391
2017-08-18,2474.0,2549.899902,2471.399902,2513.800049,2501.04541,1418678,21674.509766,6216.529785,9837.400391
2017-08-21,2505.5,2549.0,2494.300049,2528.800049,2515.9692379999997,1152417,21703.75,6213.129883,9754.349609
2017-08-22,2523.0,2539.5,2492.0,2497.550049,2484.87793,565663,21899.890625,6297.47998,9765.549805
2017-08-23,2505.0,2516.800049,2473.149902,2489.449951,2476.818848,781136,21812.089844,6278.410156,9852.500000
2017-08-24,2497.699951,2517.949951,2486.149902,2496.600098,2483.932861,811954,21783.400391,6271.330078,9857.049805
2017-08-28,2496.600098,2505.399902,2461.0,2487.300049,2474.679932,1018398,21808.400391,6283.02002,9912.799805
2017-08-29,2482.0,2496.0,2463.949951,2470.850098,2458.313477,656301,21865.369141,6301.890136999999,9796.049805
2017-08-30,2481.0,2490.0,2460.100098,2484.550049,2471.943848,485391,21892.429688,6368.310059,9884.400391
2017-08-31,2485.0,2504.399902,2466.649902,2496.350098,2483.683838,892332,21948.099609,6428.660156,9917.900391
2017-09-01,2480.0,2498.050049,2436.550049,2456.449951,2443.986328,851165,21987.560547,6435.330078,9974.400391
2017-09-04,2453.100098,2461.0,2438.0,2456.199951,2443.737549,531272,21987.560547,6435.330078,9912.849609
2017-09-05,2460.0,2490.0,2437.050049,2484.350098,2471.744873,582997,21753.310547,6375.569824,9952.200195
2017-09-06,2468.149902,2474.850098,2450.0,2453.199951,2440.752686,614382,21807.640625,6393.310059,9916.200195
2017-09-07,2458.0,2468.399902,2451.050049,2460.100098,2447.6176760000003,435318,21784.779297,6397.870117,9929.900391
2017-09-08,2453.75,2474.0,2452.550049,2470.600098,2458.064697,510567,21797.789063,6360.189941,9934.799805
2017-09-11,2471.199951,2482.949951,2450.0,2454.449951,2441.996338,366382,22057.369141,6432.259765999999,10006.049805
2017-09-12,2473.899902,2497.0,2457.0,2488.449951,2475.823975,698230,22118.859375,6454.279785,10093.049805
2017-09-13,2500.0,2531.649902,2475.199951,2489.199951,2476.570068,639490,22158.179688,6460.189941,10079.299805
2017-09-14,2482.0,2497.600098,2471.899902,2486.949951,2474.331543,540755,22203.480469,6429.080078,10086.599609
2017-09-15,2499.0,2517.0,2485.0,2506.050049,2493.334717,1472036,22268.339844,6448.470215,10085.400391
2017-09-18,2504.949951,2518.949951,2489.25,2499.050049,2486.3701170000004,363300,22331.349609,6454.640136999999,10153.099609
2017-09-19,2505.0,2505.0,2491.5,2498.25,2485.574219,391377,22370.800781,6461.319824,10147.549805
2017-09-20,2514.0,2514.0,2474.300049,2493.550049,2480.8979489999997,667321,22412.589844,6456.040039,10141.150391
2017-09-21,2491.050049,2541.0,2480.0,2524.899902,2512.0888670000004,1219370,22359.230469,6422.689941,10121.900391
2017-09-22,2519.899902,2526.899902,2492.0,2503.600098,2490.897217,1217698,22349.589844,6426.919922,9964.400391
2017-09-25,2496.550049,2534.0,2492.75,2510.75,2498.0107420000004,799779,22296.089844,6370.589844,9872.599609
2017-09-26,2510.0,2526.399902,2466.0,2474.649902,2462.0939940000003,724615,22284.320313,6380.160156,9871.500000
2017-09-27,2490.0,2512.199951,2473.75,2495.0,2482.340576,1005178,22340.710938,6453.259765999999,9735.750000
2017-09-28,2494.699951,2514.0,2452.0,2476.449951,2463.88501,2166433,22381.199219,6453.450195,9768.950195
2017-09-29,2479.0,2484.0,2421.5,2435.949951,2423.590332,992507,22405.089844,6495.959961,9788.599609
2017-10-03,2435.949951,2454.300049,2427.050049,2448.449951,2436.026855,961503,22641.669922,6531.709961,9859.500000
2017-10-04,2449.600098,2454.0,2425.0,2442.300049,2429.907959,650389,22661.640625,6534.629883,9914.900391
2017-10-05,2441.0,2443.449951,2424.399902,2429.600098,2417.272705,842343,22775.390625,6585.359863000001,9888.700195
2017-10-06,2430.0,2455.0,2428.050049,2446.649902,2434.23584,694594,22773.669922,6590.180176,9979.700195
2017-10-09,2441.050049,2467.949951,2441.050049,2454.100098,2441.648193,886808,22761.070313,6579.72998,9988.750000
2017-10-10,2455.0,2469.949951,2451.25,2459.25,2446.772217,611005,22830.679688,6587.25,10016.950195
2017-10-11,2460.0,2514.449951,2456.75,2500.350098,2487.663818,763873,22872.890625,6603.549805,9984.799805
2017-10-12,2513.0,2555.0,2507.0,2548.199951,2535.270752,2503178,22841.009766,6591.509765999999,10096.400391
2017-10-13,2548.199951,2608.949951,2523.0,2558.600098,2545.618164,2033160,22871.720703,6605.799805,10167.450195
2017-10-16,2555.050049,2590.0,2555.050049,2584.399902,2571.286865,609295,22956.960938,6624.0,10230.849609
2017-10-17,2585.0,2614.949951,2577.550049,2594.550049,2581.385498,721508,22997.439453,6623.660156,10234.450195
2017-10-18,2595.0,2613.649902,2580.0,2586.600098,2573.4760739999997,757072,23157.599609,6624.220215,10210.849609
2017-10-19,2592.0,2595.800049,2571.0,2583.899902,2570.7895510000003,43411,23163.039063,6605.069824,10146.549805
2017-10-23,2583.899902,2629.0,2547.449951,2587.899902,2574.769287,943044,23273.960938,6586.830078,10184.849609
2017-10-24,2620.0,2620.899902,2569.050049,2578.399902,2565.3173829999996,669510,23441.759766,6598.430176,10207.700195
2017-10-25,2578.5,2614.0,2555.0,2559.899902,2553.844727,552553,23329.460938,6563.890136999999,10295.349609
2017-10-26,2535.100098,2569.149902,2517.899902,2538.850098,2532.844727,1503776,23400.859375,6556.77002,10343.799805
2017-10-27,2538.0,2593.149902,2530.300049,2584.300049,2578.1870120000003,704635,23434.189453,6701.259765999999,10323.049805
2017-10-30,2586.0,2620.0,2581.699951,2616.199951,2610.011475,568626,23348.740234,6698.959961,10363.650391
2017-10-31,2601.300049,2640.0,2601.300049,2624.0,2617.793213,796317,23377.240234,6727.669922,10335.299805
2017-11-01,2624.0,2626.850098,2578.850098,2602.850098,2596.693359,370941,23435.009766,6716.529785,10440.500000
2017-11-02,2608.5,2674.0,2606.75,2626.149902,2619.9379879999997,734211,23516.259766,6714.939941,10423.799805
2017-11-03,2632.399902,2636.699951,2602.800049,2620.100098,2613.902588,333443,23539.189453,6764.439941,10452.500000
2017-11-06,2620.0,2671.800049,2611.75,2665.550049,2659.244873,688500,23548.419922,6786.439941,10451.799805
2017-11-07,2670.0,2768.0,2666.050049,2710.050049,2703.639648,1348446,23557.230469,6767.779785,10350.150391
2017-11-08,2723.0,2759.0,2718.25,2735.0,2728.530518,701126,23563.359375,6789.120117,10303.150391
2017-11-09,2750.0,2750.0,2719.300049,2736.399902,2729.927246,576216,23461.939453,6750.049805,10308.950195
2017-11-10,2722.199951,2726.0,2693.350098,2708.75,2702.342773,678283,23422.210938,6750.939941,10321.750000
2017-11-13,2702.050049,2777.399902,2702.050049,2758.949951,2752.423828,748498,23439.699219,6757.600098000001,10224.950195
2017-11-14,2756.550049,2756.550049,2707.5,2714.600098,2708.178955,828626,23409.470703,6737.870117,10186.599609
2017-11-15,2706.0,2755.0,2701.350098,2705.300049,2698.900879,3335417,23271.279297,6706.209961,10118.049805
2017-11-16,2710.0,2763.0,2686.949951,2746.649902,2740.152832,826741,23458.359375,6793.290039,10214.750000
2017-11-17,2748.100098,2748.100098,2703.600098,2707.300049,2700.89624,662732,23358.240234,6782.790039,10283.599609
2017-11-20,2715.0,2726.899902,2695.300049,2703.449951,2697.0551760000003,507249,23430.330078,6790.709961,10298.750000
2017-11-21,2701.0,2701.0,2666.0,2672.949951,2666.627441,763870,23590.830078,6862.47998,10326.900391
2017-11-22,2673.0,2709.699951,2672.399902,2680.649902,2674.309082,911312,23526.179688,6867.359863,10342.299805
2017-11-23,2681.0,2693.0,2669.0,2681.25,2674.907715,396735,23526.179688,6867.359863,10348.750000
2017-11-24,2682.0,2702.899902,2673.100098,2688.050049,2681.69165,1143756,23557.990234,6889.160156,10389.700195
2017-11-27,2688.0,2695.899902,2662.199951,2685.850098,2679.49707,928393,23580.779297,6878.52002,10399.549805
2017-11-28,2686.0,2702.399902,2670.0,2685.300049,2678.9482420000004,455858,23836.710938,6912.359863,10370.250000
2017-11-29,2677.5,2693.0,2650.0,2658.149902,2651.862305,723766,23940.679688,6824.390137,10361.299805
2017-11-30,2653.649902,2666.949951,2623.0,2637.0,2630.762451,2149981,24272.349609,6873.970215,10226.549805
2017-12-01,2635.0,2668.0,2621.5,2629.949951,2623.729004,515572,24231.589844,6847.589844,10121.799805
2017-12-04,2622.0,2658.5,2602.949951,2632.350098,2626.123535,629552,24290.050781,6775.370117,10127.750000
2017-12-05,2631.0,2651.699951,2628.149902,2635.550049,2629.315918,583957,24180.640625,6762.209961,10118.250000
2017-12-06,2636.0,2645.0,2612.850098,2633.300049,2627.071289,703759,24140.910156,6776.379883,10044.099609
2017-12-07,2632.300049,2645.949951,2615.0,2617.25,2611.059082,663150,24211.480469,6812.839844,10166.700195
2017-12-08,2618.0,2645.0,2597.0,2601.5,2595.346436,692774,24329.160156,6840.080078,10265.650391
2017-12-11,2608.350098,2672.649902,2608.350098,2661.100098,2654.80542,504001,24386.029297,6875.080078,10322.250000
2017-12-12,2661.0,2662.0,2607.399902,2612.149902,2605.971191,941123,24504.800781,6862.319823999999,10240.150391
2017-12-13,2611.399902,2651.449951,2601.0,2628.399902,2622.1826170000004,1480729,24585.429688,6875.799805,10192.950195
2017-12-14,2632.0,2632.0,2531.100098,2557.800049,2551.7497559999997,2752075,24508.660156,6856.529785,10252.099609
2017-12-15,2563.75,2584.449951,2536.850098,2545.600098,2539.5786129999997,1359069,24651.740234,6936.580078,10333.250000
2017-12-18,2537.0,2588.949951,2494.350098,2580.5,2574.395996,1090332,24792.199219,6994.759765999999,10388.750000
2017-12-19,2576.0,2597.800049,2564.699951,2575.300049,2569.208496,900976,24754.75,6963.850098000001,10463.200195
2017-12-20,2582.0,2592.75,2550.649902,2588.949951,2582.825928,788785,24726.650391,6960.959961,10444.200195
2017-12-21,2587.0,2608.0,2580.050049,2595.699951,2589.560059,646824,24782.289063,6965.359863,10440.299805
2017-12-22,2604.0,2663.899902,2590.199951,2646.75,2640.4892579999996,1832832,24754.060547,6959.959961,10493.000000
2017-12-26,2646.75,2689.75,2631.600098,2649.449951,2643.182861,1087893,24746.210938,6936.25,10531.500000
2017-12-27,2649.449951,2658.5,2610.5,2619.899902,2613.7028809999997,369642,24774.300781,6939.339844,10490.750000
2017-12-28,2608.800049,2653.5,2605.649902,2626.949951,2620.736084,1302544,24837.509766,6950.160156,10477.900391
2017-12-29,2623.100098,2708.899902,2618.550049,2701.199951,2694.810547,1304771,24719.220703,6903.390137,10530.700195
2018-01-01,2682.300049,2694.800049,2635.0,2645.600098,2639.342285,675880,24719.220703,6903.390137,null
2018-01-02,2660.0,2669.600098,2620.199951,2631.199951,2624.9760739999997,960145,24824.009766,7006.899901999999,10442.200195
2018-01-03,2632.0,2669.0,2631.199951,2638.649902,2632.408447,628560,24922.679688,7065.529785,10443.200195
2018-01-04,2650.0,2662.0,2640.0,2657.100098,2650.814941,456541,25075.130859,7077.910156,10504.799805
2018-01-05,2650.0,2699.5,2650.0,2689.199951,2682.8388670000004,576853,25295.869141,7136.560059,10558.849609
2018-01-08,2700.0,2726.850098,2681.850098,2714.399902,2707.979248,621110,25283.0,7157.390137,10623.599609
2018-01-09,2715.0,2721.0,2676.550049,2709.0,2702.592041,1074698,25385.800781,7163.580078,10637.000000
2018-01-10,2711.0,2816.0,2694.649902,2806.600098,2799.9614260000003,1682925,25369.130859,7153.569823999999,10632.200195
2018-01-11,2810.0,2821.899902,2782.199951,2790.5,2783.899414,1260372,25574.730469,7211.779785,10651.200195
2018-01-12,2805.0,2805.0,2740.550049,2776.350098,2769.782959,1680157,25803.189453,7261.060059,10681.250000
2018-01-15,2777.149902,2808.0,2735.050049,2746.100098,2739.6044920000004,728607,25803.189453,7261.060059,10741.549805
2018-01-16,2756.0,2861.649902,2750.550049,2850.850098,2844.106689,2133876,25792.859375,7223.689941,10700.450195
2018-01-17,2870.0,2925.0,2862.149902,2888.949951,2882.116455,2140403,26115.650391,7298.279785,10788.549805
2018-01-18,2897.0,2933.0,2868.050049,2918.199951,2911.2971190000003,1104739,26017.810547,7296.049805,10817.000000
2018-01-19,2930.550049,2982.0,2903.649902,2959.300049,2952.300049,910000,26071.720703,7336.379883,10894.700195
2018-01-22,2961.0,3134.699951,2922.0,3116.399902,3116.399902,2183555,26214.599609,7408.029785,10966.200195
2018-01-23,3114.949951,3142.350098,3090.050049,3102.0,3102.0,1619805,26210.810547,7460.290039,11083.700195
2018-01-24,3090.0,3259.050049,3082.649902,3174.600098,3174.600098,2810769,26252.119141,7415.060059,11086.000000
2018-01-25,3175.0,3179.800049,3081.0,3121.050049,3121.050049,1916922,26392.789063,7411.160156,11069.650391
2018-01-29,3121.050049,3225.0,3121.050049,3198.850098,3198.850098,1570530,26439.480469,7466.509765999999,11130.400391
2018-01-30,3180.0,3203.800049,3143.699951,3152.850098,3152.850098,787379,26076.890625,7402.47998,11049.650391
2018-01-31,3137.0,3150.0,3098.600098,3112.350098,3112.350098,1521607,26149.390625,7411.47998,11027.700195
2018-02-01,3124.0,3190.0,3088.800049,3138.600098,3138.600098,1200315,26186.710938,7385.859863,11016.900391
2018-02-02,3120.0,3190.0,3103.449951,3153.649902,3153.649902,1228245,25520.960938,7240.950195,10760.599609
2018-02-05,3110.0,3188.0,3076.850098,3103.199951,3103.199951,1378871,24345.75,6967.529785,10666.549805
2018-02-06,3010.0,3077.149902,2985.0,2997.25,2997.25,1327797,24912.769531,7115.879883,10498.250000
2018-02-07,3027.0,3031.0,2947.449951,2955.050049,2955.050049,1090162,24893.349609,7051.97998,10476.700195
2018-02-08,2979.75,3027.600098,2959.0,2974.199951,2974.199951,1377502,23860.460938,6777.160156,10576.849609
2018-02-09,2950.0,2994.0,2896.649902,2971.699951,2971.699951,1051229,24190.900391,6874.490234000001,10454.950195
2018-02-12,2978.300049,3023.350098,2955.550049,2967.300049,2967.300049,987281,24601.269531,6981.959961,10539.750000
2018-02-14,2967.300049,2974.449951,2892.5,2911.800049,2911.800049,1423766,24893.490234,7143.620117,10500.900391
2018-02-15,2931.949951,2943.0,2905.100098,2925.850098,2925.850098,1232618,25200.369141,7256.430176000001,10545.500000
2018-02-16,2923.0,2999.600098,2923.0,2933.050049,2933.050049,1257878,25219.380859,7239.470215,10452.299805
2018-02-19,2945.0,2953.300049,2895.199951,2923.600098,2923.600098,784112,25219.380859,7239.470215,10378.400391
2018-02-20,2928.0,2985.050049,2927.899902,2944.75,2944.75,944534,24964.75,7234.310059,10360.400391
2018-02-21,2974.0,3062.600098,2960.050049,3042.300049,3042.300049,1544614,24797.779297,7218.22998,10397.450195
2018-02-22,3052.0,3079.0,3022.5,3050.199951,3050.199951,1731505,24962.480469,7210.089844,10382.700195
2018-02-23,3050.0,3089.0,2992.100098,3075.800049,3075.800049,1681250,25309.990234,7337.390137,10491.049805
2018-02-26,3075.0,3089.949951,3021.199951,3031.699951,3031.699951,681941,25709.269531,7421.459961,10582.599609
2018-02-27,3041.0,3078.550049,3032.0,3042.350098,3042.350098,858900,25410.029297,7330.350098000001,10554.299805
2018-02-28,3035.0,3063.949951,3021.449951,3035.050049,3035.050049,1353432,25029.199219,7273.009765999999,10492.849609
2018-03-01,3049.0,3061.199951,3020.0,3037.699951,3037.699951,859062,24608.980469,7180.560059,10458.349609
2018-03-05,3037.699951,3113.649902,3032.949951,3105.850098,3105.850098,1429084,24874.759766,7330.709961,10358.849609
2018-03-06,3122.0,3127.0,3030.149902,3042.800049,3042.800049,953382,24884.119141,7372.009765999999,10249.250000
2018-03-07,3070.0,3089.0,3018.5,3027.449951,3027.449951,958886,24801.359375,7396.649901999999,10154.200195
2018-03-08,3054.899902,3054.899902,2987.5,3003.949951,3003.949951,975913,24895.210938,7427.950195,10242.650391
2018-03-09,3005.0,3063.199951,2977.199951,3034.100098,3034.100098,936218,25335.740234,7560.810059,10226.849609
